Step,RMSE,MAE,R2,N_RMSE,N_MAE
1,0.6411320975644333,0.3111030242633458,0.890437051016038,0.24228108660457912,0.11756450667628458
3,0.8285398340779353,0.4747656407427973,0.8124630433762489,0.31650328600669986,0.18136108753950053
7,1.138864717203973,0.6881139072333157,0.6363841566099336,0.4433858687212725,0.2678983534470045
